Item,Description,Quantity,Price,Gross Amount,Tax Rate,Tax Amount
,test,2,1.99,4.9,0.23,0.92
,test,3,1.99,7.34,0.23,1.37
Demo item copy,test,1,1.99,2.45,0.23,0.46
Demo item copy,test,1,1.99,2.45,0.23,0.46
Test new#2,test,2,1.99,4.9,0.23,0.92
Test new#3,test,1,1.99,2.45,0.23,0.46
Test new#4,test,1,1.99,2.45,0.23,0.46
Test new#5,test,1,1.99,2.45,0.23,0.46
Test new#6,test,1,1.99,2.45,0.23,0.46
Test new#7,test,1,1.99,2.45,0.23,0.46
Test new#8,test,1,1.99,2.45,0.23,0.46
Test new#9,test,1,1.99,2.45,0.23,0.46
Test new#10,test,1,1.99,2.45,0.23,0.46
Test new#11,test,1,1.99,2.45,0.23,0.46
Test new#12,test,1,1.99,2.45,0.23,0.46
Test new#13,test,1,1.99,2.45,0.23,0.46
Test new#14,test,1,1.99,2.45,0.23,0.46
Test new#15,test,1,1.99,2.45,0.23,0.46
Test new#16,test,1,1.99,2.45,0.23,0.46
Test new#17,test,1,1.99,2.45,0.23,0.46
Test new#18,test,1,1.99,2.45,0.23,0.46
Test new#19,test,1,1.99,2.45,0.23,0.46
Test new#20,test,1,1.99,2.45,0.23,0.46
Test new#21,test,1,1.99,2.45,0.23,0.46
Test new#22,test,1,1.99,2.45,0.23,0.46
Test new#23,test,1,1.99,2.45,0.23,0.46
Test new#24,test,1,1.99,2.45,0.23,0.46
Test new#25,test,1,1.99,2.45,0.23,0.46
Test new#26,test,1,1.99,2.45,0.23,0.46
Test new#27,test,1,1.99,2.45,0.23,0.46
Test new#28,test,1,1.99,2.45,0.23,0.46
Test new#29,test,1,1.99,2.45,0.23,0.46
Test new#30,test,1,1.99,2.45,0.23,0.46
Test new#31,test,1,1.99,2.45,0.23,0.46
Test new#32,test,1,1.99,2.45,0.23,0.46
Test new#33,test,1,1.99,2.45,0.23,0.46
Test new#34,test,1,1.99,2.45,0.23,0.46
Test new#35,test,1,1.99,2.45,0.23,0.46
Test new#36,test,1,1.99,2.45,0.23,0.46
Test new#37,test,1,1.99,2.45,0.23,0.46
Test new#38,test,1,1.99,2.45,0.23,0.46
Test new#39,test,1,1.99,2.45,0.23,0.46
Test new#40,test,1,1.99,2.45,0.23,0.46
Test new#41,test,1,1.99,2.45,0.23,0.46
Test new#42,test,1,1.99,2.45,0.23,0.46
Test new#43,test,1,1.99,2.45,0.23,0.46
Test new#44,test,1,1.99,2.45,0.23,0.46
Test new#45,test,1,1.99,2.45,0.23,0.46
Test new#46,test,1,1.99,2.45,0.23,0.46
Test new#47,test,1,1.99,2.45,0.23,0.46
Test new#48,test,1,1.99,2.45,0.23,0.46
Test new#49,test,1,1.99,2.45,0.23,0.46
Test new#50,test,1,1.99,2.45,0.23,0.46
Test new#51,test,1,1.99,2.45,0.23,0.46
Test new#52,test,1,1.99,2.45,0.23,0.46
Test new#53,test,1,1.99,2.45,0.23,0.46
Test new#54,test,1,1.99,2.45,0.23,0.46
Test new#55,test,1,1.99,2.45,0.23,0.46
Test new#56,test,1,1.99,2.45,0.23,0.46
Test new#57,test,1,1.99,2.45,0.23,0.46
Test new#58,test,1,1.99,2.45,0.23,0.46
Test new#59,test,1,1.99,2.45,0.23,0.46
Test new#60,test,1,1.99,2.45,0.23,0.46
Test new#61,test,1,1.99,2.45,0.23,0.46
Test new#62,test,1,1.99,2.45,0.23,0.46
Test new#63,test,1,1.99,2.45,0.23,0.46
Test new#64,test,1,1.99,2.45,0.23,0.46
Test new#65,test,1,1.99,2.45,0.23,0.46
Test new#66,test,1,1.99,2.45,0.23,0.46
Test new#67,test,1,1.99,2.45,0.23,0.46
Test new#68,test,1,1.99,2.45,0.23,0.46
Test new#69,test,1,1.99,2.45,0.23,0.46
Test new#70,test,1,1.99,2.45,0.23,0.46
Test new#71,test,1,1.99,2.45,0.23,0.46
Test new#72,test,1,1.99,2.45,0.23,0.46
Test new#73,test,1,1.99,2.45,0.23,0.46
Test new#74,test,1,1.99,2.45,0.23,0.46
Test new#75,test,1,1.99,2.45,0.23,0.46
Test new#76,test,1,1.99,2.45,0.23,0.46
Test new#77,test,1,1.99,2.45,0.23,0.46
Test new#78,test,1,1.99,2.45,0.23,0.46
Test new#79,test,1,1.99,2.45,0.23,0.46
Test new#80,test,1,1.99,2.45,0.23,0.46
Test new#81,test,1,1.99,2.45,0.23,0.46
Test new#82,test,1,1.99,2.45,0.23,0.46
Test new#83,test,1,1.99,2.45,0.23,0.46
Test new#84,test,1,1.99,2.45,0.23,0.46
Test new#85,test,1,1.99,2.45,0.23,0.46
Test new#86,test,1,1.99,2.45,0.23,0.46
Test new#87,test,1,1.99,2.45,0.23,0.46
Test new#88,test,1,1.99,2.45,0.23,0.46
Test new#89,test,1,1.99,2.45,0.23,0.46
Test new#90,test,1,1.99,2.45,0.23,0.46
Test new#91,test,1,1.99,2.45,0.23,0.46
Test new#92,test,1,1.99,2.45,0.23,0.46
Test new#93,test,1,1.99,2.45,0.23,0.46
Test new#94,test,1,1.99,2.45,0.23,0.46
Test new#95,test,1,1.99,2.45,0.23,0.46
Test new#96,test,1,1.99,2.45,0.23,0.46
Test new#97,test,1,1.99,2.45,0.23,0.46
Test new#98,test,1,1.99,2.45,0.23,0.46
Test new#99,test,1,1.99,2.45,0.23,0.46
Test new#100,test,1,1.99,2.45,0.23,0.46
Test new#101,test,1,1.99,2.45,0.23,0.46
Test new#102,test,1,1.99,2.45,0.23,0.46
Test new#103,test,1,1.99,2.45,0.23,0.46
Test new#104,test,1,1.99,2.45,0.23,0.46
Test new#105,test,1,1.99,2.45,0.23,0.46
Test new#106,test,1,1.99,2.45,0.23,0.46
Test new#107,test,1,1.99,2.45,0.23,0.46
Test new#108,test,1,1.99,2.45,0.23,0.46
Test new#109,test,1,1.99,2.45,0.23,0.46
Test new#110,test,1,1.99,2.45,0.23,0.46
Test new#111,test,1,1.99,2.45,0.23,0.46
Test new#112,test,1,1.99,2.45,0.23,0.46
Test new#113,test,1,1.99,2.45,0.23,0.46
Test new#114,test,1,1.99,2.45,0.23,0.46
Test new#115,test,1,1.99,2.45,0.23,0.46
Test new#116,test,1,1.99,2.45,0.23,0.46
Test new#117,test,1,1.99,2.45,0.23,0.46
Test new#118,test,1,1.99,2.45,0.23,0.46
Test new#119,test,1,1.99,2.45,0.23,0.46
Test new#120,test,1,1.99,2.45,0.23,0.46
Test new#121,test,1,1.99,2.45,0.23,0.46
Test new#122,test,1,1.99,2.45,0.23,0.46
Test new#123,test,1,1.99,2.45,0.23,0.46
Test new#124,test,1,1.99,2.45,0.23,0.46
Test new#125,test,1,1.99,2.45,0.23,0.46
Test new#126,test,1,1.99,2.45,0.23,0.46
Test new#127,test,1,1.99,2.45,0.23,0.46
Test new#128,test,1,1.99,2.45,0.23,0.46
Test new#129,test,1,1.99,2.45,0.23,0.46
Test new#130,test,1,1.99,2.45,0.23,0.46
Test new#131,test,1,1.99,2.45,0.23,0.46
Test new#132,test,1,1.99,2.45,0.23,0.46
Test new#133,test,1,1.99,2.45,0.23,0.46
Test new#134,test,1,1.99,2.45,0.23,0.46
Test new#135,test,1,1.99,2.45,0.23,0.46
Test new#136,test,1,1.99,2.45,0.23,0.46
Test new#137,test,1,1.99,2.45,0.23,0.46
Test new#138,test,1,1.99,2.45,0.23,0.46
Test new#139,test,1,1.99,2.45,0.23,0.46
Test new#140,test,1,1.99,2.45,0.23,0.46
Test new#141,test,1,1.99,2.45,0.23,0.46
Test new#142,test,1,1.99,2.45,0.23,0.46
Test new#143,test,1,1.99,2.45,0.23,0.46
Test new#144,test,1,1.99,2.45,0.23,0.46
Test new#145,test,1,1.99,2.45,0.23,0.46
Test new#146,test,1,1.99,2.45,0.23,0.46
Test new#147,test,1,1.99,2.45,0.23,0.46
Test new#148,test,1,1.99,2.45,0.23,0.46
Test new#149,test,1,1.99,2.45,0.23,0.46
Test new#150,test,1,1.99,2.45,0.23,0.46
Test new#151,test,1,1.99,2.45,0.23,0.46
Test new#152,test,1,1.99,2.45,0.23,0.46
Test new#153,test,1,1.99,2.45,0.23,0.46
Test new#154,test,1,1.99,2.45,0.23,0.46
Test new#155,test,1,1.99,2.45,0.23,0.46
Test new#156,test,1,1.99,2.45,0.23,0.46
Test new#157,test,1,1.99,2.45,0.23,0.46
Test new#158,test,1,1.99,2.45,0.23,0.46
Test new#159,test,1,1.99,2.45,0.23,0.46
Test new#160,test,1,1.99,2.45,0.23,0.46
Test new#161,test,1,1.99,2.45,0.23,0.46
Test new#162,test,1,1.99,2.45,0.23,0.46
Test new#163,test,1,1.99,2.45,0.23,0.46
Test new#164,test,1,1.99,2.45,0.23,0.46
Test new#165,test,1,1.99,2.45,0.23,0.46
Test new#166,test,1,1.99,2.45,0.23,0.46
Test new#167,test,1,1.99,2.45,0.23,0.46
Test new#168,test,1,1.99,2.45,0.23,0.46
Test new#169,test,1,1.99,2.45,0.23,0.46
Test new#170,test,1,1.99,2.45,0.23,0.46
Test new#171,test,1,1.99,2.45,0.23,0.46
Test new#172,test,1,1.99,2.45,0.23,0.46
Test new#173,test,1,1.99,2.45,0.23,0.46
Test new#174,test,1,1.99,2.45,0.23,0.46
Test new#175,test,1,1.99,2.45,0.23,0.46
Test new#176,test,1,1.99,2.45,0.23,0.46
Test new#177,test,1,1.99,2.45,0.23,0.46
Test new#178,test,1,1.99,2.45,0.23,0.46
Test new#179,test,1,1.99,2.45,0.23,0.46
Test new#180,test,1,1.99,2.45,0.23,0.46
Test new#181,test,1,1.99,2.45,0.23,0.46
Test new#182,test,1,1.99,2.45,0.23,0.46
Test new#183,test,1,1.99,2.45,0.23,0.46
Test new#184,test,1,1.99,2.45,0.23,0.46
Test new#185,test,1,1.99,2.45,0.23,0.46
Test new#186,test,1,1.99,2.45,0.23,0.46
Test new#187,test,1,1.99,2.45,0.23,0.46
Test new#188,test,1,1.99,2.45,0.23,0.46
Test new#189,test,1,1.99,2.45,0.23,0.46
Test new#190,test,1,1.99,2.45,0.23,0.46
Test new#191,test,1,1.99,2.45,0.23,0.46
Test new#192,test,1,1.99,2.45,0.23,0.46
Test new#193,test,1,1.99,2.45,0.23,0.46
Test new#194,test,1,1.99,2.45,0.23,0.46
Test new#195,test,1,1.99,2.45,0.23,0.46
Test new#196,test,1,1.99,2.45,0.23,0.46
Test new#197,test,1,1.99,2.45,0.23,0.46
Test new#198,test,1,1.99,2.45,0.23,0.46
Test new#199,test,1,1.99,2.45,0.23,0.46
Test new#200,test,1,1.99,2.45,0.23,0.46
Test new#201,test,1,1.99,2.45,0.23,0.46
Test new#202,test,1,1.99,2.45,0.23,0.46
Test new#203,test,1,1.99,2.45,0.23,0.46
Test new#204,test,1,1.99,2.45,0.23,0.46
Test new#205,test,1,1.99,2.45,0.23,0.46
Test new#206,test,1,1.99,2.45,0.23,0.46
Test new#207,test,1,1.99,2.45,0.23,0.46
Test new#208,test,1,1.99,2.45,0.23,0.46
Test new#209,test,1,1.99,2.45,0.23,0.46
Test new#210,test,1,1.99,2.45,0.23,0.46
Test new#211,test,1,1.99,2.45,0.23,0.46
Test new#212,test,1,1.99,2.45,0.23,0.46
Test new#213,test,1,1.99,2.45,0.23,0.46
Test new#214,test,1,1.99,2.45,0.23,0.46
Test new#215,test,1,1.99,2.45,0.23,0.46
Test new#216,test,1,1.99,2.45,0.23,0.46
Test new#217,test,1,1.99,2.45,0.23,0.46
Test new#218,test,1,1.99,2.45,0.23,0.46
Test new#219,test,1,1.99,2.45,0.23,0.46
Test new#220,test,1,1.99,2.45,0.23,0.46
Test new#221,test,1,1.99,2.45,0.23,0.46
Test new#222,test,1,1.99,2.45,0.23,0.46
Test new#223,test,1,1.99,2.45,0.23,0.46
Test new#224,test,1,1.99,2.45,0.23,0.46
Test new#225,test,1,1.99,2.45,0.23,0.46
Test new#226,test,1,1.99,2.45,0.23,0.46
Test new#227,test,1,1.99,2.45,0.23,0.46
Test new#228,test,1,1.99,2.45,0.23,0.46
Test new#229,test,1,1.99,2.45,0.23,0.46
Test new#230,test,1,1.99,2.45,0.23,0.46
Test new#231,test,1,1.99,2.45,0.23,0.46
Test new#232,test,1,1.99,2.45,0.23,0.46
Test new#233,test,1,1.99,2.45,0.23,0.46
Test new#234,test,1,1.99,2.45,0.23,0.46
Test new#235,test,1,1.99,2.45,0.23,0.46
Test new#236,test,1,1.99,2.45,0.23,0.46
Test new#237,test,1,1.99,2.45,0.23,0.46
Test new#238,test,1,1.99,2.45,0.23,0.46
Test new#239,test,1,1.99,2.45,0.23,0.46
Test new#240,test,1,1.99,2.45,0.23,0.46
Test new#241,test,1,1.99,2.45,0.23,0.46
Test new#242,test,1,1.99,2.45,0.23,0.46
Test new#243,test,1,1.99,2.45,0.23,0.46
Test new#244,test,1,1.99,2.45,0.23,0.46
Test new#245,test,1,1.99,2.45,0.23,0.46
Test new#246,test,1,1.99,2.45,0.23,0.46
Test new#247,test,1,1.99,2.45,0.23,0.46
Test new#248,test,1,1.99,2.45,0.23,0.46
Test new#249,test,1,1.99,2.45,0.23,0.46
Test new#250,test,1,1.99,2.45,0.23,0.46
Test new#251,test,1,1.99,2.45,0.23,0.46
Test new#252,test,1,1.99,2.45,0.23,0.46
Test new#253,test,1,1.99,2.45,0.23,0.46
Test new#254,test,1,1.99,2.45,0.23,0.46
Test new#255,test,1,1.99,2.45,0.23,0.46
Test new#256,test,1,1.99,2.45,0.23,0.46
Test new#257,test,1,1.99,2.45,0.23,0.46
Test new#258,test,1,1.99,2.45,0.23,0.46
Test new#259,test,1,1.99,2.45,0.23,0.46
Test new#260,test,1,1.99,2.45,0.23,0.46
Test new#261,test,1,1.99,2.45,0.23,0.46
Test new#262,test,1,1.99,2.45,0.23,0.46
Test new#263,test,1,1.99,2.45,0.23,0.46
Test new#264,test,1,1.99,2.45,0.23,0.46
Test new#265,test,1,1.99,2.45,0.23,0.46
Test new#266,test,1,1.99,2.45,0.23,0.46
Test new#267,test,1,1.99,2.45,0.23,0.46
Test new#268,test,1,1.99,2.45,0.23,0.46
Test new#269,test,1,1.99,2.45,0.23,0.46
Test new#270,test,1,1.99,2.45,0.23,0.46
Test new#271,test,1,1.99,2.45,0.23,0.46
Test new#272,test,1,1.99,2.45,0.23,0.46
Test new#273,test,1,1.99,2.45,0.23,0.46
Test new#274,test,1,1.99,2.45,0.23,0.46
Test new#275,test,1,1.99,2.45,0.23,0.46
Test new#276,test,1,1.99,2.45,0.23,0.46
Test new#277,test,1,1.99,2.45,0.23,0.46
Test new#278,test,1,1.99,2.45,0.23,0.46
Test new#279,test,1,1.99,2.45,0.23,0.46
Test new#280,test,1,1.99,2.45,0.23,0.46
Test new#281,test,1,1.99,2.45,0.23,0.46
Test new#282,test,1,1.99,2.45,0.23,0.46
Test new#283,test,1,1.99,2.45,0.23,0.46
Test new#284,test,1,1.99,2.45,0.23,0.46
Test new#285,test,1,1.99,2.45,0.23,0.46
Test new#286,test,1,1.99,2.45,0.23,0.46
Test new#287,test,1,1.99,2.45,0.23,0.46
Test new#288,test,1,1.99,2.45,0.23,0.46
Test new#289,test,1,1.99,2.45,0.23,0.46
Test new#290,test,1,1.99,2.45,0.23,0.46
Test new#291,test,1,1.99,2.45,0.23,0.46
Test new#292,test,1,1.99,2.45,0.23,0.46
Test new#293,test,1,1.99,2.45,0.23,0.46
Test new#294,test,1,1.99,2.45,0.23,0.46
Test new#295,test,1,1.99,2.45,0.23,0.46
Test new#296,test,1,1.99,2.45,0.23,0.46
Test new#297,test,1,1.99,2.45,0.23,0.46
Test new#298,test,1,1.99,2.45,0.23,0.46
Test new#299,test,1,1.99,2.45,0.23,0.46
Test new#300,test,1,1.99,2.45,0.23,0.46
Test new#301,test,1,1.99,2.45,0.23,0.46
Test new#302,test,1,1.99,2.45,0.23,0.46
Test new#303,test,1,1.99,2.45,0.23,0.46
Test new#304,test,1,1.99,2.45,0.23,0.46
Test new#305,test,1,1.99,2.45,0.23,0.46
Test new#306,test,1,1.99,2.45,0.23,0.46
Test new#307,test,1,1.99,2.45,0.23,0.46
Test new#308,test,1,1.99,2.45,0.23,0.46
Test new#309,test,1,1.99,2.45,0.23,0.46
Test new#310,test,1,1.99,2.45,0.23,0.46
Test new#311,test,1,1.99,2.45,0.23,0.46
Test new#312,test,1,1.99,2.45,0.23,0.46
Test new#313,test,1,1.99,2.45,0.23,0.46
Test new#314,test,1,1.99,2.45,0.23,0.46
Test new#315,test,1,1.99,2.45,0.23,0.46
Test new#316,test,1,1.99,2.45,0.23,0.46
Test new#317,test,1,1.99,2.45,0.23,0.46
Test new#318,test,1,1.99,2.45,0.23,0.46
Test new#319,test,1,1.99,2.45,0.23,0.46
Test new#320,test,1,1.99,2.45,0.23,0.46
Test new#321,test,1,1.99,2.45,0.23,0.46
Test new#322,test,1,1.99,2.45,0.23,0.46
Test new#323,test,1,1.99,2.45,0.23,0.46
Test new#324,test,1,1.99,2.45,0.23,0.46
Test new#325,test,1,1.99,2.45,0.23,0.46
Test new#326,test,1,1.99,2.45,0.23,0.46
Test new#327,test,1,1.99,2.45,0.23,0.46
Test new#328,test,1,1.99,2.45,0.23,0.46
Test new#329,test,1,1.99,2.45,0.23,0.46
Test new#330,test,1,1.99,2.45,0.23,0.46
Test new#331,test,1,1.99,2.45,0.23,0.46
Test new#332,test,1,1.99,2.45,0.23,0.46
Test new#333,test,1,1.99,2.45,0.23,0.46
Test new#334,test,1,1.99,2.45,0.23,0.46
Test new#335,test,1,1.99,2.45,0.23,0.46
Test new#336,test,1,1.99,2.45,0.23,0.46
Test new#337,test,1,1.99,2.45,0.23,0.46
Test new#338,test,1,1.99,2.45,0.23,0.46
Test new#339,test,1,1.99,2.45,0.23,0.46
Test new#340,test,1,1.99,2.45,0.23,0.46
Test new#341,test,1,1.99,2.45,0.23,0.46
Test new#342,test,1,1.99,2.45,0.23,0.46
Test new#343,test,1,1.99,2.45,0.23,0.46
Test new#344,test,1,1.99,2.45,0.23,0.46
Test new#345,test,1,1.99,2.45,0.23,0.46
Test new#346,test,1,1.99,2.45,0.23,0.46
Test new#347,test,1,1.99,2.45,0.23,0.46
Test new#348,test,1,1.99,2.45,0.23,0.46
Test new#349,test,1,1.99,2.45,0.23,0.46
Test new#350,test,1,1.99,2.45,0.23,0.46
Test new#351,test,1,1.99,2.45,0.23,0.46
Test new#352,test,1,1.99,2.45,0.23,0.46
Test new#353,test,1,1.99,2.45,0.23,0.46
Test new#354,test,1,1.99,2.45,0.23,0.46
Test new#355,test,1,1.99,2.45,0.23,0.46
Test new#356,test,1,1.99,2.45,0.23,0.46
Test new#357,test,1,1.99,2.45,0.23,0.46
Test new#358,test,1,1.99,2.45,0.23,0.46
Test new#359,test,1,1.99,2.45,0.23,0.46
Test new#360,test,1,1.99,2.45,0.23,0.46
Test new#361,test,1,1.99,2.45,0.23,0.46
Test new#362,test,1,1.99,2.45,0.23,0.46
Test new#363,test,1,1.99,2.45,0.23,0.46
Test new#364,test,1,1.99,2.45,0.23,0.46
Test new#365,test,1,1.99,2.45,0.23,0.46
Test new#366,test,1,1.99,2.45,0.23,0.46
Test new#367,test,1,1.99,2.45,0.23,0.46
Test new#368,test,1,1.99,2.45,0.23,0.46
Test new#369,test,1,1.99,2.45,0.23,0.46
Test new#370,test,1,1.99,2.45,0.23,0.46
Test new#371,test,1,1.99,2.45,0.23,0.46
Test new#372,test,1,1.99,2.45,0.23,0.46
Test new#373,test,1,1.99,2.45,0.23,0.46
Test new#374,test,1,1.99,2.45,0.23,0.46
Test new#375,test,1,1.99,2.45,0.23,0.46
Test new#376,test,1,1.99,2.45,0.23,0.46
Test new#377,test,1,1.99,2.45,0.23,0.46
Test new#378,test,1,1.99,2.45,0.23,0.46
Test new#379,test,1,1.99,2.45,0.23,0.46
Test new#380,test,1,1.99,2.45,0.23,0.46
Test new#381,test,1,1.99,2.45,0.23,0.46
Test new#382,test,1,1.99,2.45,0.23,0.46
Test new#383,test,1,1.99,2.45,0.23,0.46
Test new#384,test,1,1.99,2.45,0.23,0.46
Test new#385,test,1,1.99,2.45,0.23,0.46
Test new#386,test,1,1.99,2.45,0.23,0.46
Test new#387,test,1,1.99,2.45,0.23,0.46
Test new#388,test,1,1.99,2.45,0.23,0.46
Test new#389,test,1,1.99,2.45,0.23,0.46
Test new#390,test,1,1.99,2.45,0.23,0.46
Test new#391,test,1,1.99,2.45,0.23,0.46
Test new#392,test,1,1.99,2.45,0.23,0.46
Test new#393,test,1,1.99,2.45,0.23,0.46
Test new#394,test,1,1.99,2.45,0.23,0.46
Test new#395,test,1,1.99,2.45,0.23,0.46
Test new#396,test,1,1.99,2.45,0.23,0.46
Test new#397,test,1,1.99,2.45,0.23,0.46
Test new#398,test,1,1.99,2.45,0.23,0.46
Test new#399,test,1,1.99,2.45,0.23,0.46
Test new#400,test,1,1.99,2.45,0.23,0.46
Test new#401,test,1,1.99,2.45,0.23,0.46
Test new#402,test,1,1.99,2.45,0.23,0.46
Test new#403,test,1,1.99,2.45,0.23,0.46
Test new#404,test,1,1.99,2.45,0.23,0.46
Test new#405,test,1,1.99,2.45,0.23,0.46
Test new#406,test,1,1.99,2.45,0.23,0.46
Test new#407,test,1,1.99,2.45,0.23,0.46
Test new#408,test,1,1.99,2.45,0.23,0.46
Test new#409,test,1,1.99,2.45,0.23,0.46
Test new#410,test,1,1.99,2.45,0.23,0.46
Test new#411,test,1,1.99,2.45,0.23,0.46
Test new#412,test,1,1.99,2.45,0.23,0.46
Test new#413,test,1,1.99,2.45,0.23,0.46
Test new#414,test,1,1.99,2.45,0.23,0.46
Test new#415,test,1,1.99,2.45,0.23,0.46
Test new#416,test,1,1.99,2.45,0.23,0.46
Test new#417,test,1,1.99,2.45,0.23,0.46
Test new#418,test,1,1.99,2.45,0.23,0.46
Test new#419,test,1,1.99,2.45,0.23,0.46
Test new#420,test,1,1.99,2.45,0.23,0.46
Test new#421,test,1,1.99,2.45,0.23,0.46
Test new#422,test,1,1.99,2.45,0.23,0.46
Test new#423,test,1,1.99,2.45,0.23,0.46
Test new#424,test,1,1.99,2.45,0.23,0.46
Test new#425,test,1,1.99,2.45,0.23,0.46
Test new#426,test,1,1.99,2.45,0.23,0.46
Test new#427,test,1,1.99,2.45,0.23,0.46
Test new#428,test,1,1.99,2.45,0.23,0.46
Test new#429,test,1,1.99,2.45,0.23,0.46
Test new#430,test,1,1.99,2.45,0.23,0.46
Test new#431,test,1,1.99,2.45,0.23,0.46
Test new#432,test,1,1.99,2.45,0.23,0.46
Test new#433,test,1,1.99,2.45,0.23,0.46
Test new#434,test,1,1.99,2.45,0.23,0.46
Test new#435,test,1,1.99,2.45,0.23,0.46
Test new#436,test,1,1.99,2.45,0.23,0.46
Test new#437,test,1,1.99,2.45,0.23,0.46
Test new#438,test,1,1.99,2.45,0.23,0.46
Test new#439,test,1,1.99,2.45,0.23,0.46
Test new#440,test,1,1.99,2.45,0.23,0.46
Test new#441,test,1,1.99,2.45,0.23,0.46
Test new#442,test,1,1.99,2.45,0.23,0.46
Test new#443,test,1,1.99,2.45,0.23,0.46
Test new#444,test,1,1.99,2.45,0.23,0.46
Test new#445,test,1,1.99,2.45,0.23,0.46
Test new#446,test,1,1.99,2.45,0.23,0.46
Test new#447,test,1,1.99,2.45,0.23,0.46
Test new#448,test,1,1.99,2.45,0.23,0.46
Test new#449,test,1,1.99,2.45,0.23,0.46
Test new#450,test,1,1.99,2.45,0.23,0.46
Test new#451,test,1,1.99,2.45,0.23,0.46
Test new#452,test,1,1.99,2.45,0.23,0.46
Test new#453,test,1,1.99,2.45,0.23,0.46
Test new#454,test,1,1.99,2.45,0.23,0.46
Test new#455,test,1,1.99,2.45,0.23,0.46
Test new#456,test,1,1.99,2.45,0.23,0.46
Test new#457,test,1,1.99,2.45,0.23,0.46
Test new#458,test,1,1.99,2.45,0.23,0.46
Test new#459,test,1,1.99,2.45,0.23,0.46
Test new#460,test,1,1.99,2.45,0.23,0.46
Test new#461,test,1,1.99,2.45,0.23,0.46
Test new#462,test,1,1.99,2.45,0.23,0.46
Test new#463,test,1,1.99,2.45,0.23,0.46
Test new#464,test,1,1.99,2.45,0.23,0.46
Test new#465,test,1,1.99,2.45,0.23,0.46
Test new#466,test,1,1.99,2.45,0.23,0.46
Test new#467,test,1,1.99,2.45,0.23,0.46
Test new#468,test,1,1.99,2.45,0.23,0.46
Test new#469,test,1,1.99,2.45,0.23,0.46
Test new#470,test,1,1.99,2.45,0.23,0.46
Test new#471,test,1,1.99,2.45,0.23,0.46
Test new#472,test,1,1.99,2.45,0.23,0.46
Test new#473,test,1,1.99,2.45,0.23,0.46
Test new#474,test,1,1.99,2.45,0.23,0.46
Test new#475,test,1,1.99,2.45,0.23,0.46
Test new#476,test,1,1.99,2.45,0.23,0.46
Test new#477,test,1,1.99,2.45,0.23,0.46
Test new#478,test,1,1.99,2.45,0.23,0.46
Test new#479,test,1,1.99,2.45,0.23,0.46
Test new#480,test,1,1.99,2.45,0.23,0.46
Test new#481,test,1,1.99,2.45,0.23,0.46
Test new#482,test,1,1.99,2.45,0.23,0.46
Test new#483,test,1,1.99,2.45,0.23,0.46
Test new#484,test,1,1.99,2.45,0.23,0.46
Test new#485,test,1,1.99,2.45,0.23,0.46
Test new#486,test,1,1.99,2.45,0.23,0.46
Test new#487,test,1,1.99,2.45,0.23,0.46
Test new#488,test,1,1.99,2.45,0.23,0.46
Test new#489,test,1,1.99,2.45,0.23,0.46
Test new#490,test,1,1.99,2.45,0.23,0.46
Test new#491,test,1,1.99,2.45,0.23,0.46
Test new#492,test,1,1.99,2.45,0.23,0.46
Test new#493,test,1,1.99,2.45,0.23,0.46
Test new#494,test,1,1.99,2.45,0.23,0.46
Test new#495,test,1,1.99,2.45,0.23,0.46
Test new#496,test,1,1.99,2.45,0.23,0.46
Test new#497,test,1,1.99,2.45,0.23,0.46
Test new#498,test,1,1.99,2.45,0.23,0.46
Test new#499,test,1,1.99,2.45,0.23,0.46
,test,2,1.99,4.9,0.23,0.92
Test new,test2,4,1.99,9.79,0.23,1.83
Test Itemu3,km,1,0,0,0.23,0
Test Itemu5,,1,87,107.01,0.23,20.01